id,name,description,image_url,external_url
1,Beaux Arts Classics #1,Greco-Roman Generative Architectural Illustrations,https://bitgraphix.mypinata.cloud/ipfs/QmcRD1zmRKftxWnLHhgaMVAQP1JkWtdLbphLpqJy4aXVb5/Beaux_Arts_Classic_Collection_HR.1.png,https://www.zackjudson.ai/
2,Beaux Arts Classics #2,Greco-Roman Generative Architectural Illustrations,https://bitgraphix.mypinata.cloud/ipfs/QmcRD1zmRKftxWnLHhgaMVAQP1JkWtdLbphLpqJy4aXVb5/Beaux_Arts_Classic_Collection_HR.2.png,https://www.zackjudson.ai/
3,Beaux Arts Classics #3,Greco-Roman Generative Architectural Illustrations,https://bitgraphix.mypinata.cloud/ipfs/QmcRD1zmRKftxWnLHhgaMVAQP1JkWtdLbphLpqJy4aXVb5/Beaux_Arts_Classic_Collection_HR.3.png,https://www.zackjudson.ai/
4,Beaux Arts Classics #4,Greco-Roman Generative Architectural Illustrations,https://bitgraphix.mypinata.cloud/ipfs/QmcRD1zmRKftxWnLHhgaMVAQP1JkWtdLbphLpqJy4aXVb5/Beaux_Arts_Classic_Collection_HR.4.png,https://www.zackjudson.ai/
5,Beaux Arts Classics #5,Greco-Roman Generative Architectural Illustrations,https://bitgraphix.mypinata.cloud/ipfs/QmcRD1zmRKftxWnLHhgaMVAQP1JkWtdLbphLpqJy4aXVb5/Beaux_Arts_Classic_Collection_HR.5.png,https://www.zackjudson.ai/
6,Beaux Arts Classics #6,Greco-Roman Generative Architectural Illustrations,https://bitgraphix.mypinata.cloud/ipfs/QmcRD1zmRKftxWnLHhgaMVAQP1JkWtdLbphLpqJy4aXVb5/Beaux_Arts_Classic_Collection_HR.6.png,https://www.zackjudson.ai/
7,Beaux Arts Classics #7,Greco-Roman Generative Architectural Illustrations,https://bitgraphix.mypinata.cloud/ipfs/QmcRD1zmRKftxWnLHhgaMVAQP1JkWtdLbphLpqJy4aXVb5/Beaux_Arts_Classic_Collection_HR.7.png,https://www.zackjudson.ai/
8,Beaux Arts Classics #8,Greco-Roman Generative Architectural Illustrations,https://bitgraphix.mypinata.cloud/ipfs/QmcRD1zmRKftxWnLHhgaMVAQP1JkWtdLbphLpqJy4aXVb5/Beaux_Arts_Classic_Collection_HR.8.png,https://www.zackjudson.ai/
9,Beaux Arts Classics #9,Greco-Roman Generative Architectural Illustrations,https://bitgraphix.mypinata.cloud/ipfs/QmcRD1zmRKftxWnLHhgaMVAQP1JkWtdLbphLpqJy4aXVb5/Beaux_Arts_Classic_Collection_HR.9.png,https://www.zackjudson.ai/
10,Beaux Arts Classics #10,Greco-Roman Generative Architectural Illustrations,https://bitgraphix.mypinata.cloud/ipfs/QmcRD1zmRKftxWnLHhgaMVAQP1JkWtdLbphLpqJy4aXVb5/Beaux_Arts_Classic_Collection_HR.10.png,https://www.zackjudson.ai/
11,Beaux Arts Classics #11,Greco-Roman Generative Architectural Illustrations,https://bitgraphix.mypinata.cloud/ipfs/QmcRD1zmRKftxWnLHhgaMVAQP1JkWtdLbphLpqJy4aXVb5/Beaux_Arts_Classic_Collection_HR.11.png,https://www.zackjudson.ai/
12,Beaux Arts Classics #12,Greco-Roman Generative Architectural Illustrations,https://bitgraphix.mypinata.cloud/ipfs/QmcRD1zmRKftxWnLHhgaMVAQP1JkWtdLbphLpqJy4aXVb5/Beaux_Arts_Classic_Collection_HR.12.png,https://www.zackjudson.ai/
13,Beaux Arts Classics #13,Greco-Roman Generative Architectural Illustrations,https://bitgraphix.mypinata.cloud/ipfs/QmcRD1zmRKftxWnLHhgaMVAQP1JkWtdLbphLpqJy4aXVb5/Beaux_Arts_Classic_Collection_HR.13.png,https://www.zackjudson.ai/
14,Beaux Arts Classics #14,Greco-Roman Generative Architectural Illustrations,https://bitgraphix.mypinata.cloud/ipfs/QmcRD1zmRKftxWnLHhgaMVAQP1JkWtdLbphLpqJy4aXVb5/Beaux_Arts_Classic_Collection_HR.14.png,https://www.zackjudson.ai/
15,Beaux Arts Classics #15,Greco-Roman Generative Architectural Illustrations,https://bitgraphix.mypinata.cloud/ipfs/QmcRD1zmRKftxWnLHhgaMVAQP1JkWtdLbphLpqJy4aXVb5/Beaux_Arts_Classic_Collection_HR.15.png,https://www.zackjudson.ai/
16,Beaux Arts Classics #16,Greco-Roman Generative Architectural Illustrations,https://bitgraphix.mypinata.cloud/ipfs/QmcRD1zmRKftxWnLHhgaMVAQP1JkWtdLbphLpqJy4aXVb5/Beaux_Arts_Classic_Collection_HR.16.png,https://www.zackjudson.ai/
17,Beaux Arts Classics #17,Greco-Roman Generative Architectural Illustrations,https://bitgraphix.mypinata.cloud/ipfs/QmcRD1zmRKftxWnLHhgaMVAQP1JkWtdLbphLpqJy4aXVb5/Beaux_Arts_Classic_Collection_HR.17.png,https://www.zackjudson.ai/
18,Beaux Arts Classics #18,Greco-Roman Generative Architectural Illustrations,https://bitgraphix.mypinata.cloud/ipfs/QmcRD1zmRKftxWnLHhgaMVAQP1JkWtdLbphLpqJy4aXVb5/Beaux_Arts_Classic_Collection_HR.18.png,https://www.zackjudson.ai/
19,Beaux Arts Classics #19,Greco-Roman Generative Architectural Illustrations,https://bitgraphix.mypinata.cloud/ipfs/QmcRD1zmRKftxWnLHhgaMVAQP1JkWtdLbphLpqJy4aXVb5/Beaux_Arts_Classic_Collection_HR.19.png,https://www.zackjudson.ai/
20,Beaux Arts Classics #20,Greco-Roman Generative Architectural Illustrations,https://bitgraphix.mypinata.cloud/ipfs/QmcRD1zmRKftxWnLHhgaMVAQP1JkWtdLbphLpqJy4aXVb5/Beaux_Arts_Classic_Collection_HR.20.png,https://www.zackjudson.ai/
21,Beaux Arts Classics #21,Greco-Roman Generative Architectural Illustrations,https://bitgraphix.mypinata.cloud/ipfs/QmcRD1zmRKftxWnLHhgaMVAQP1JkWtdLbphLpqJy4aXVb5/Beaux_Arts_Classic_Collection_HR.21.png,https://www.zackjudson.ai/
22,Beaux Arts Classics #22,Greco-Roman Generative Architectural Illustrations,https://bitgraphix.mypinata.cloud/ipfs/QmcRD1zmRKftxWnLHhgaMVAQP1JkWtdLbphLpqJy4aXVb5/Beaux_Arts_Classic_Collection_HR.22.png,https://www.zackjudson.ai/
23,Beaux Arts Classics #23,Greco-Roman Generative Architectural Illustrations,https://bitgraphix.mypinata.cloud/ipfs/QmcRD1zmRKftxWnLHhgaMVAQP1JkWtdLbphLpqJy4aXVb5/Beaux_Arts_Classic_Collection_HR.23.png,https://www.zackjudson.ai/
24,Beaux Arts Classics #24,Greco-Roman Generative Architectural Illustrations,https://bitgraphix.mypinata.cloud/ipfs/QmcRD1zmRKftxWnLHhgaMVAQP1JkWtdLbphLpqJy4aXVb5/Beaux_Arts_Classic_Collection_HR.24.png,https://www.zackjudson.ai/
25,Beaux Arts Classics #25,Greco-Roman Generative Architectural Illustrations,https://bitgraphix.mypinata.cloud/ipfs/QmcRD1zmRKftxWnLHhgaMVAQP1JkWtdLbphLpqJy4aXVb5/Beaux_Arts_Classic_Collection_HR.25.png,https://www.zackjudson.ai/
26,Beaux Arts Classics #26,Greco-Roman Generative Architectural Illustrations,https://bitgraphix.mypinata.cloud/ipfs/QmcRD1zmRKftxWnLHhgaMVAQP1JkWtdLbphLpqJy4aXVb5/Beaux_Arts_Classic_Collection_HR.26.png,https://www.zackjudson.ai/
27,Beaux Arts Classics #27,Greco-Roman Generative Architectural Illustrations,https://bitgraphix.mypinata.cloud/ipfs/QmcRD1zmRKftxWnLHhgaMVAQP1JkWtdLbphLpqJy4aXVb5/Beaux_Arts_Classic_Collection_HR.27.png,https://www.zackjudson.ai/
28,Beaux Arts Classics #28,Greco-Roman Generative Architectural Illustrations,https://bitgraphix.mypinata.cloud/ipfs/QmcRD1zmRKftxWnLHhgaMVAQP1JkWtdLbphLpqJy4aXVb5/Beaux_Arts_Classic_Collection_HR.28.png,https://www.zackjudson.ai/
29,Beaux Arts Classics #29,Greco-Roman Generative Architectural Illustrations,https://bitgraphix.mypinata.cloud/ipfs/QmcRD1zmRKftxWnLHhgaMVAQP1JkWtdLbphLpqJy4aXVb5/Beaux_Arts_Classic_Collection_HR.29.png,https://www.zackjudson.ai/
30,Beaux Arts Classics #30,Greco-Roman Generative Architectural Illustrations,https://bitgraphix.mypinata.cloud/ipfs/QmcRD1zmRKftxWnLHhgaMVAQP1JkWtdLbphLpqJy4aXVb5/Beaux_Arts_Classic_Collection_HR.30.png,https://www.zackjudson.ai/
31,Beaux Arts Classics #31,Greco-Roman Generative Architectural Illustrations,https://bitgraphix.mypinata.cloud/ipfs/QmcRD1zmRKftxWnLHhgaMVAQP1JkWtdLbphLpqJy4aXVb5/Beaux_Arts_Classic_Collection_HR.31.png,https://www.zackjudson.ai/
32,Beaux Arts Classics #32,Greco-Roman Generative Architectural Illustrations,https://bitgraphix.mypinata.cloud/ipfs/QmcRD1zmRKftxWnLHhgaMVAQP1JkWtdLbphLpqJy4aXVb5/Beaux_Arts_Classic_Collection_HR.32.png,https://www.zackjudson.ai/
33,Beaux Arts Classics #33,Greco-Roman Generative Architectural Illustrations,https://bitgraphix.mypinata.cloud/ipfs/QmcRD1zmRKftxWnLHhgaMVAQP1JkWtdLbphLpqJy4aXVb5/Beaux_Arts_Classic_Collection_HR.33.png,https://www.zackjudson.ai/
34,Beaux Arts Classics #34,Greco-Roman Generative Architectural Illustrations,https://bitgraphix.mypinata.cloud/ipfs/QmcRD1zmRKftxWnLHhgaMVAQP1JkWtdLbphLpqJy4aXVb5/Beaux_Arts_Classic_Collection_HR.34.png,https://www.zackjudson.ai/
35,Beaux Arts Classics #35,Greco-Roman Generative Architectural Illustrations,https://bitgraphix.mypinata.cloud/ipfs/QmcRD1zmRKftxWnLHhgaMVAQP1JkWtdLbphLpqJy4aXVb5/Beaux_Arts_Classic_Collection_HR.35.png,https://www.zackjudson.ai/
36,Beaux Arts Classics #36,Greco-Roman Generative Architectural Illustrations,https://bitgraphix.mypinata.cloud/ipfs/QmcRD1zmRKftxWnLHhgaMVAQP1JkWtdLbphLpqJy4aXVb5/Beaux_Arts_Classic_Collection_HR.36.png,https://www.zackjudson.ai/
37,Beaux Arts Classics #37,Greco-Roman Generative Architectural Illustrations,https://bitgraphix.mypinata.cloud/ipfs/QmcRD1zmRKftxWnLHhgaMVAQP1JkWtdLbphLpqJy4aXVb5/Beaux_Arts_Classic_Collection_HR.37.png,https://www.zackjudson.ai/
38,Beaux Arts Classics #38,Greco-Roman Generative Architectural Illustrations,https://bitgraphix.mypinata.cloud/ipfs/QmcRD1zmRKftxWnLHhgaMVAQP1JkWtdLbphLpqJy4aXVb5/Beaux_Arts_Classic_Collection_HR.38.png,https://www.zackjudson.ai/
39,Beaux Arts Classics #39,Greco-Roman Generative Architectural Illustrations,https://bitgraphix.mypinata.cloud/ipfs/QmcRD1zmRKftxWnLHhgaMVAQP1JkWtdLbphLpqJy4aXVb5/Beaux_Arts_Classic_Collection_HR.39.png,https://www.zackjudson.ai/
40,Beaux Arts Classics #40,Greco-Roman Generative Architectural Illustrations,https://bitgraphix.mypinata.cloud/ipfs/QmcRD1zmRKftxWnLHhgaMVAQP1JkWtdLbphLpqJy4aXVb5/Beaux_Arts_Classic_Collection_HR.40.png,https://www.zackjudson.ai/
41,Beaux Arts Classics #41,Greco-Roman Generative Architectural Illustrations,https://bitgraphix.mypinata.cloud/ipfs/QmcRD1zmRKftxWnLHhgaMVAQP1JkWtdLbphLpqJy4aXVb5/Beaux_Arts_Classic_Collection_HR.41.png,https://www.zackjudson.ai/
42,Beaux Arts Classics #42,Greco-Roman Generative Architectural Illustrations,https://bitgraphix.mypinata.cloud/ipfs/QmcRD1zmRKftxWnLHhgaMVAQP1JkWtdLbphLpqJy4aXVb5/Beaux_Arts_Classic_Collection_HR.42.png,https://www.zackjudson.ai/
43,Beaux Arts Classics #43,Greco-Roman Generative Architectural Illustrations,https://bitgraphix.mypinata.cloud/ipfs/QmcRD1zmRKftxWnLHhgaMVAQP1JkWtdLbphLpqJy4aXVb5/Beaux_Arts_Classic_Collection_HR.43.png,https://www.zackjudson.ai/
44,Beaux Arts Classics #44,Greco-Roman Generative Architectural Illustrations,https://bitgraphix.mypinata.cloud/ipfs/QmcRD1zmRKftxWnLHhgaMVAQP1JkWtdLbphLpqJy4aXVb5/Beaux_Arts_Classic_Collection_HR.44.png,https://www.zackjudson.ai/
45,Beaux Arts Classics #45,Greco-Roman Generative Architectural Illustrations,https://bitgraphix.mypinata.cloud/ipfs/QmcRD1zmRKftxWnLHhgaMVAQP1JkWtdLbphLpqJy4aXVb5/Beaux_Arts_Classic_Collection_HR.45.png,https://www.zackjudson.ai/
46,Beaux Arts Classics #46,Greco-Roman Generative Architectural Illustrations,https://bitgraphix.mypinata.cloud/ipfs/QmcRD1zmRKftxWnLHhgaMVAQP1JkWtdLbphLpqJy4aXVb5/Beaux_Arts_Classic_Collection_HR.46.png,https://www.zackjudson.ai/
47,Beaux Arts Classics #47,Greco-Roman Generative Architectural Illustrations,https://bitgraphix.mypinata.cloud/ipfs/QmcRD1zmRKftxWnLHhgaMVAQP1JkWtdLbphLpqJy4aXVb5/Beaux_Arts_Classic_Collection_HR.47.png,https://www.zackjudson.ai/
48,Beaux Arts Classics #48,Greco-Roman Generative Architectural Illustrations,https://bitgraphix.mypinata.cloud/ipfs/QmcRD1zmRKftxWnLHhgaMVAQP1JkWtdLbphLpqJy4aXVb5/Beaux_Arts_Classic_Collection_HR.48.png,https://www.zackjudson.ai/
49,Beaux Arts Classics #49,Greco-Roman Generative Architectural Illustrations,https://bitgraphix.mypinata.cloud/ipfs/QmcRD1zmRKftxWnLHhgaMVAQP1JkWtdLbphLpqJy4aXVb5/Beaux_Arts_Classic_Collection_HR.49.png,https://www.zackjudson.ai/
50,Beaux Arts Classics #50,Greco-Roman Generative Architectural Illustrations,https://bitgraphix.mypinata.cloud/ipfs/QmcRD1zmRKftxWnLHhgaMVAQP1JkWtdLbphLpqJy4aXVb5/Beaux_Arts_Classic_Collection_HR.50.png,https://www.zackjudson.ai/
51,Beaux Arts Classics #51,Greco-Roman Generative Architectural Illustrations,https://bitgraphix.mypinata.cloud/ipfs/QmcRD1zmRKftxWnLHhgaMVAQP1JkWtdLbphLpqJy4aXVb5/Beaux_Arts_Classic_Collection_HR.51.png,https://www.zackjudson.ai/
52,Beaux Arts Classics #52,Greco-Roman Generative Architectural Illustrations,https://bitgraphix.mypinata.cloud/ipfs/QmcRD1zmRKftxWnLHhgaMVAQP1JkWtdLbphLpqJy4aXVb5/Beaux_Arts_Classic_Collection_HR.52.png,https://www.zackjudson.ai/
53,Beaux Arts Classics #53,Greco-Roman Generative Architectural Illustrations,https://bitgraphix.mypinata.cloud/ipfs/QmcRD1zmRKftxWnLHhgaMVAQP1JkWtdLbphLpqJy4aXVb5/Beaux_Arts_Classic_Collection_HR.53.png,https://www.zackjudson.ai/
54,Beaux Arts Classics #54,Greco-Roman Generative Architectural Illustrations,https://bitgraphix.mypinata.cloud/ipfs/QmcRD1zmRKftxWnLHhgaMVAQP1JkWtdLbphLpqJy4aXVb5/Beaux_Arts_Classic_Collection_HR.54.png,https://www.zackjudson.ai/
55,Beaux Arts Classics #55,Greco-Roman Generative Architectural Illustrations,https://bitgraphix.mypinata.cloud/ipfs/QmcRD1zmRKftxWnLHhgaMVAQP1JkWtdLbphLpqJy4aXVb5/Beaux_Arts_Classic_Collection_HR.55.png,https://www.zackjudson.ai/
56,Beaux Arts Classics #56,Greco-Roman Generative Architectural Illustrations,https://bitgraphix.mypinata.cloud/ipfs/QmcRD1zmRKftxWnLHhgaMVAQP1JkWtdLbphLpqJy4aXVb5/Beaux_Arts_Classic_Collection_HR.56.png,https://www.zackjudson.ai/
57,Beaux Arts Classics #57,Greco-Roman Generative Architectural Illustrations,https://bitgraphix.mypinata.cloud/ipfs/QmcRD1zmRKftxWnLHhgaMVAQP1JkWtdLbphLpqJy4aXVb5/Beaux_Arts_Classic_Collection_HR.57.png,https://www.zackjudson.ai/
58,Beaux Arts Classics #58,Greco-Roman Generative Architectural Illustrations,https://bitgraphix.mypinata.cloud/ipfs/QmcRD1zmRKftxWnLHhgaMVAQP1JkWtdLbphLpqJy4aXVb5/Beaux_Arts_Classic_Collection_HR.58.png,https://www.zackjudson.ai/
59,Beaux Arts Classics #59,Greco-Roman Generative Architectural Illustrations,https://bitgraphix.mypinata.cloud/ipfs/QmcRD1zmRKftxWnLHhgaMVAQP1JkWtdLbphLpqJy4aXVb5/Beaux_Arts_Classic_Collection_HR.59.png,https://www.zackjudson.ai/
60,Beaux Arts Classics #60,Greco-Roman Generative Architectural Illustrations,https://bitgraphix.mypinata.cloud/ipfs/QmcRD1zmRKftxWnLHhgaMVAQP1JkWtdLbphLpqJy4aXVb5/Beaux_Arts_Classic_Collection_HR.60.png,https://www.zackjudson.ai/
61,Beaux Arts Classics #61,Greco-Roman Generative Architectural Illustrations,https://bitgraphix.mypinata.cloud/ipfs/QmcRD1zmRKftxWnLHhgaMVAQP1JkWtdLbphLpqJy4aXVb5/Beaux_Arts_Classic_Collection_HR.61.png,https://www.zackjudson.ai/
62,Beaux Arts Classics #62,Greco-Roman Generative Architectural Illustrations,https://bitgraphix.mypinata.cloud/ipfs/QmcRD1zmRKftxWnLHhgaMVAQP1JkWtdLbphLpqJy4aXVb5/Beaux_Arts_Classic_Collection_HR.62.png,https://www.zackjudson.ai/
63,Beaux Arts Classics #63,Greco-Roman Generative Architectural Illustrations,https://bitgraphix.mypinata.cloud/ipfs/QmcRD1zmRKftxWnLHhgaMVAQP1JkWtdLbphLpqJy4aXVb5/Beaux_Arts_Classic_Collection_HR.63.png,https://www.zackjudson.ai/
64,Beaux Arts Classics #64,Greco-Roman Generative Architectural Illustrations,https://bitgraphix.mypinata.cloud/ipfs/QmcRD1zmRKftxWnLHhgaMVAQP1JkWtdLbphLpqJy4aXVb5/Beaux_Arts_Classic_Collection_HR.64.png,https://www.zackjudson.ai/
65,Beaux Arts Classics #65,Greco-Roman Generative Architectural Illustrations,https://bitgraphix.mypinata.cloud/ipfs/QmcRD1zmRKftxWnLHhgaMVAQP1JkWtdLbphLpqJy4aXVb5/Beaux_Arts_Classic_Collection_HR.65.png,https://www.zackjudson.ai/
66,Beaux Arts Classics #66,Greco-Roman Generative Architectural Illustrations,https://bitgraphix.mypinata.cloud/ipfs/QmcRD1zmRKftxWnLHhgaMVAQP1JkWtdLbphLpqJy4aXVb5/Beaux_Arts_Classic_Collection_HR.66.png,https://www.zackjudson.ai/
67,Beaux Arts Classics #67,Greco-Roman Generative Architectural Illustrations,https://bitgraphix.mypinata.cloud/ipfs/QmcRD1zmRKftxWnLHhgaMVAQP1JkWtdLbphLpqJy4aXVb5/Beaux_Arts_Classic_Collection_HR.67.png,https://www.zackjudson.ai/
68,Beaux Arts Classics #68,Greco-Roman Generative Architectural Illustrations,https://bitgraphix.mypinata.cloud/ipfs/QmcRD1zmRKftxWnLHhgaMVAQP1JkWtdLbphLpqJy4aXVb5/Beaux_Arts_Classic_Collection_HR.68.png,https://www.zackjudson.ai/
69,Beaux Arts Classics #69,Greco-Roman Generative Architectural Illustrations,https://bitgraphix.mypinata.cloud/ipfs/QmcRD1zmRKftxWnLHhgaMVAQP1JkWtdLbphLpqJy4aXVb5/Beaux_Arts_Classic_Collection_HR.69.png,https://www.zackjudson.ai/
70,Beaux Arts Classics #70,Greco-Roman Generative Architectural Illustrations,https://bitgraphix.mypinata.cloud/ipfs/QmcRD1zmRKftxWnLHhgaMVAQP1JkWtdLbphLpqJy4aXVb5/Beaux_Arts_Classic_Collection_HR.70.png,https://www.zackjudson.ai/
71,Beaux Arts Classics #71,Greco-Roman Generative Architectural Illustrations,https://bitgraphix.mypinata.cloud/ipfs/QmcRD1zmRKftxWnLHhgaMVAQP1JkWtdLbphLpqJy4aXVb5/Beaux_Arts_Classic_Collection_HR.71.png,https://www.zackjudson.ai/
72,Beaux Arts Classics #72,Greco-Roman Generative Architectural Illustrations,https://bitgraphix.mypinata.cloud/ipfs/QmcRD1zmRKftxWnLHhgaMVAQP1JkWtdLbphLpqJy4aXVb5/Beaux_Arts_Classic_Collection_HR.72.png,https://www.zackjudson.ai/
73,Beaux Arts Classics #73,Greco-Roman Generative Architectural Illustrations,https://bitgraphix.mypinata.cloud/ipfs/QmcRD1zmRKftxWnLHhgaMVAQP1JkWtdLbphLpqJy4aXVb5/Beaux_Arts_Classic_Collection_HR.73.png,https://www.zackjudson.ai/
74,Beaux Arts Classics #74,Greco-Roman Generative Architectural Illustrations,https://bitgraphix.mypinata.cloud/ipfs/QmcRD1zmRKftxWnLHhgaMVAQP1JkWtdLbphLpqJy4aXVb5/Beaux_Arts_Classic_Collection_HR.74.png,https://www.zackjudson.ai/
75,Beaux Arts Classics #75,Greco-Roman Generative Architectural Illustrations,https://bitgraphix.mypinata.cloud/ipfs/QmcRD1zmRKftxWnLHhgaMVAQP1JkWtdLbphLpqJy4aXVb5/Beaux_Arts_Classic_Collection_HR.75.png,https://www.zackjudson.ai/
76,Beaux Arts Classics #76,Greco-Roman Generative Architectural Illustrations,https://bitgraphix.mypinata.cloud/ipfs/QmcRD1zmRKftxWnLHhgaMVAQP1JkWtdLbphLpqJy4aXVb5/Beaux_Arts_Classic_Collection_HR.76.png,https://www.zackjudson.ai/
77,Beaux Arts Classics #77,Greco-Roman Generative Architectural Illustrations,https://bitgraphix.mypinata.cloud/ipfs/QmcRD1zmRKftxWnLHhgaMVAQP1JkWtdLbphLpqJy4aXVb5/Beaux_Arts_Classic_Collection_HR.77.png,https://www.zackjudson.ai/
78,Beaux Arts Classics #78,Greco-Roman Generative Architectural Illustrations,https://bitgraphix.mypinata.cloud/ipfs/QmcRD1zmRKftxWnLHhgaMVAQP1JkWtdLbphLpqJy4aXVb5/Beaux_Arts_Classic_Collection_HR.78.png,https://www.zackjudson.ai/
79,Beaux Arts Classics #79,Greco-Roman Generative Architectural Illustrations,https://bitgraphix.mypinata.cloud/ipfs/QmcRD1zmRKftxWnLHhgaMVAQP1JkWtdLbphLpqJy4aXVb5/Beaux_Arts_Classic_Collection_HR.79.png,https://www.zackjudson.ai/
80,Beaux Arts Classics #80,Greco-Roman Generative Architectural Illustrations,https://bitgraphix.mypinata.cloud/ipfs/QmcRD1zmRKftxWnLHhgaMVAQP1JkWtdLbphLpqJy4aXVb5/Beaux_Arts_Classic_Collection_HR.80.png,https://www.zackjudson.ai/
81,Beaux Arts Classics #81,Greco-Roman Generative Architectural Illustrations,https://bitgraphix.mypinata.cloud/ipfs/QmcRD1zmRKftxWnLHhgaMVAQP1JkWtdLbphLpqJy4aXVb5/Beaux_Arts_Classic_Collection_HR.81.png,https://www.zackjudson.ai/
82,Beaux Arts Classics #82,Greco-Roman Generative Architectural Illustrations,https://bitgraphix.mypinata.cloud/ipfs/QmcRD1zmRKftxWnLHhgaMVAQP1JkWtdLbphLpqJy4aXVb5/Beaux_Arts_Classic_Collection_HR.82.png,https://www.zackjudson.ai/
83,Beaux Arts Classics #83,Greco-Roman Generative Architectural Illustrations,https://bitgraphix.mypinata.cloud/ipfs/QmcRD1zmRKftxWnLHhgaMVAQP1JkWtdLbphLpqJy4aXVb5/Beaux_Arts_Classic_Collection_HR.83.png,https://www.zackjudson.ai/
84,Beaux Arts Classics #84,Greco-Roman Generative Architectural Illustrations,https://bitgraphix.mypinata.cloud/ipfs/QmcRD1zmRKftxWnLHhgaMVAQP1JkWtdLbphLpqJy4aXVb5/Beaux_Arts_Classic_Collection_HR.84.png,https://www.zackjudson.ai/
85,Beaux Arts Classics #85,Greco-Roman Generative Architectural Illustrations,https://bitgraphix.mypinata.cloud/ipfs/QmcRD1zmRKftxWnLHhgaMVAQP1JkWtdLbphLpqJy4aXVb5/Beaux_Arts_Classic_Collection_HR.85.png,https://www.zackjudson.ai/
86,Beaux Arts Classics #86,Greco-Roman Generative Architectural Illustrations,https://bitgraphix.mypinata.cloud/ipfs/QmcRD1zmRKftxWnLHhgaMVAQP1JkWtdLbphLpqJy4aXVb5/Beaux_Arts_Classic_Collection_HR.86.png,https://www.zackjudson.ai/
87,Beaux Arts Classics #87,Greco-Roman Generative Architectural Illustrations,https://bitgraphix.mypinata.cloud/ipfs/QmcRD1zmRKftxWnLHhgaMVAQP1JkWtdLbphLpqJy4aXVb5/Beaux_Arts_Classic_Collection_HR.87.png,https://www.zackjudson.ai/
88,Beaux Arts Classics #88,Greco-Roman Generative Architectural Illustrations,https://bitgraphix.mypinata.cloud/ipfs/QmcRD1zmRKftxWnLHhgaMVAQP1JkWtdLbphLpqJy4aXVb5/Beaux_Arts_Classic_Collection_HR.88.png,https://www.zackjudson.ai/
89,Beaux Arts Classics #89,Greco-Roman Generative Architectural Illustrations,https://bitgraphix.mypinata.cloud/ipfs/QmcRD1zmRKftxWnLHhgaMVAQP1JkWtdLbphLpqJy4aXVb5/Beaux_Arts_Classic_Collection_HR.89.png,https://www.zackjudson.ai/
90,Beaux Arts Classics #90,Greco-Roman Generative Architectural Illustrations,https://bitgraphix.mypinata.cloud/ipfs/QmcRD1zmRKftxWnLHhgaMVAQP1JkWtdLbphLpqJy4aXVb5/Beaux_Arts_Classic_Collection_HR.90.png,https://www.zackjudson.ai/
91,Beaux Arts Classics #91,Greco-Roman Generative Architectural Illustrations,https://bitgraphix.mypinata.cloud/ipfs/QmcRD1zmRKftxWnLHhgaMVAQP1JkWtdLbphLpqJy4aXVb5/Beaux_Arts_Classic_Collection_HR.91.png,https://www.zackjudson.ai/
92,Beaux Arts Classics #92,Greco-Roman Generative Architectural Illustrations,https://bitgraphix.mypinata.cloud/ipfs/QmcRD1zmRKftxWnLHhgaMVAQP1JkWtdLbphLpqJy4aXVb5/Beaux_Arts_Classic_Collection_HR.92.png,https://www.zackjudson.ai/
93,Beaux Arts Classics #93,Greco-Roman Generative Architectural Illustrations,https://bitgraphix.mypinata.cloud/ipfs/QmcRD1zmRKftxWnLHhgaMVAQP1JkWtdLbphLpqJy4aXVb5/Beaux_Arts_Classic_Collection_HR.93.png,https://www.zackjudson.ai/
94,Beaux Arts Classics #94,Greco-Roman Generative Architectural Illustrations,https://bitgraphix.mypinata.cloud/ipfs/QmcRD1zmRKftxWnLHhgaMVAQP1JkWtdLbphLpqJy4aXVb5/Beaux_Arts_Classic_Collection_HR.94.png,https://www.zackjudson.ai/
95,Beaux Arts Classics #95,Greco-Roman Generative Architectural Illustrations,https://bitgraphix.mypinata.cloud/ipfs/QmcRD1zmRKftxWnLHhgaMVAQP1JkWtdLbphLpqJy4aXVb5/Beaux_Arts_Classic_Collection_HR.95.png,https://www.zackjudson.ai/
96,Beaux Arts Classics #96,Greco-Roman Generative Architectural Illustrations,https://bitgraphix.mypinata.cloud/ipfs/QmcRD1zmRKftxWnLHhgaMVAQP1JkWtdLbphLpqJy4aXVb5/Beaux_Arts_Classic_Collection_HR.96.png,https://www.zackjudson.ai/
97,Beaux Arts Classics #97,Greco-Roman Generative Architectural Illustrations,https://bitgraphix.mypinata.cloud/ipfs/QmcRD1zmRKftxWnLHhgaMVAQP1JkWtdLbphLpqJy4aXVb5/Beaux_Arts_Classic_Collection_HR.97.png,https://www.zackjudson.ai/
98,Beaux Arts Classics #98,Greco-Roman Generative Architectural Illustrations,https://bitgraphix.mypinata.cloud/ipfs/QmcRD1zmRKftxWnLHhgaMVAQP1JkWtdLbphLpqJy4aXVb5/Beaux_Arts_Classic_Collection_HR.98.png,https://www.zackjudson.ai/
99,Beaux Arts Classics #99,Greco-Roman Generative Architectural Illustrations,https://bitgraphix.mypinata.cloud/ipfs/QmcRD1zmRKftxWnLHhgaMVAQP1JkWtdLbphLpqJy4aXVb5/Beaux_Arts_Classic_Collection_HR.99.png,https://www.zackjudson.ai/
100,Beaux Arts Classics #100,Greco-Roman Generative Architectural Illustrations,https://bitgraphix.mypinata.cloud/ipfs/QmcRD1zmRKftxWnLHhgaMVAQP1JkWtdLbphLpqJy4aXVb5/Beaux_Arts_Classic_Collection_HR.100.png,https://www.zackjudson.ai/
101,Beaux Arts Classics #101,Greco-Roman Generative Architectural Illustrations,https://bitgraphix.mypinata.cloud/ipfs/QmcRD1zmRKftxWnLHhgaMVAQP1JkWtdLbphLpqJy4aXVb5/Beaux_Arts_Classic_Collection_HR.101.png,https://www.zackjudson.ai/
102,Beaux Arts Classics #102,Greco-Roman Generative Architectural Illustrations,https://bitgraphix.mypinata.cloud/ipfs/QmcRD1zmRKftxWnLHhgaMVAQP1JkWtdLbphLpqJy4aXVb5/Beaux_Arts_Classic_Collection_HR.102.png,https://www.zackjudson.ai/
103,Beaux Arts Classics #103,Greco-Roman Generative Architectural Illustrations,https://bitgraphix.mypinata.cloud/ipfs/QmcRD1zmRKftxWnLHhgaMVAQP1JkWtdLbphLpqJy4aXVb5/Beaux_Arts_Classic_Collection_HR.103.png,https://www.zackjudson.ai/
104,Beaux Arts Classics #104,Greco-Roman Generative Architectural Illustrations,https://bitgraphix.mypinata.cloud/ipfs/QmcRD1zmRKftxWnLHhgaMVAQP1JkWtdLbphLpqJy4aXVb5/Beaux_Arts_Classic_Collection_HR.104.png,https://www.zackjudson.ai/
105,Beaux Arts Classics #105,Greco-Roman Generative Architectural Illustrations,https://bitgraphix.mypinata.cloud/ipfs/QmcRD1zmRKftxWnLHhgaMVAQP1JkWtdLbphLpqJy4aXVb5/Beaux_Arts_Classic_Collection_HR.105.png,https://www.zackjudson.ai/
106,Beaux Arts Classics #106,Greco-Roman Generative Architectural Illustrations,https://bitgraphix.mypinata.cloud/ipfs/QmcRD1zmRKftxWnLHhgaMVAQP1JkWtdLbphLpqJy4aXVb5/Beaux_Arts_Classic_Collection_HR.106.png,https://www.zackjudson.ai/
107,Beaux Arts Classics #107,Greco-Roman Generative Architectural Illustrations,https://bitgraphix.mypinata.cloud/ipfs/QmcRD1zmRKftxWnLHhgaMVAQP1JkWtdLbphLpqJy4aXVb5/Beaux_Arts_Classic_Collection_HR.107.png,https://www.zackjudson.ai/
108,Beaux Arts Classics #108,Greco-Roman Generative Architectural Illustrations,https://bitgraphix.mypinata.cloud/ipfs/QmcRD1zmRKftxWnLHhgaMVAQP1JkWtdLbphLpqJy4aXVb5/Beaux_Arts_Classic_Collection_HR.108.png,https://www.zackjudson.ai/